Age,Accu,PureAccu,RepAccu,SwiAccu,PureRT,RepRT,SwiRT,V2Vp,A2Vp,A2Ap,V2Ap,Vonlyp,Aonlyp,V2Vr,A2Vr,A2Ar,V2Ar,Vonlyr,Aonlyr,V2Vr,A2Vr,A2Ar,V2Ar,Vonlyr,Aonlyr,MSEvp,MSEap,MSEvr,MSEar,MSEvs,MSEas,PureYesPrime,PureYesUnprimed,RepYesPrime,RepYesUnprimed,SwiYesPrime,SwiYesUnprimed,PureComm,RepComm,SwiComm,PureOm,RepOm,SwiOm,PureCommRT,RepCommRT,SwiCommRT,PureNoPrimeErr,PureNoUnprimedErr,RepNoPrimeErr,RepNoUnprimedErr,SwiNoPrimeErr,SwiNoUnprimedErr,PureRspRep,PureRspSing,RepRspRep,RepRspSing,SwiRspRep,SwiRspSing
A,99.3243,100,100,96,675.6096,852.7446,806.24,640.025,656.055,638.546,763.35,655.196,NaN,800.7114,824.3717,974.1929,677.2133,778.9412,NaN,935.92,1004.7967,728.17,1246.7,668.055,NaN,16.03,124.804,23.6602,-296.9795,68.8767,518.53,648.4671,717.8311,820.4868,887.8074,813.54,802.59,0,0,0.04,0,0,0,NaN,NaN,653.8,0,0,0,0,0.125,0,685.0024,648.9967,822.43,908.0241,885.4627,588.3775
A,98.6486,100,98.6667,96,729.6913,778.4471,1014.4687,558.515,595.585,654.29,974.9617,706.254,NaN,618.9329,675.0633,859.2729,802.2033,907.1975,NaN,819.17,1272.2167,1202.32,1397.2,817.66,NaN,37.07,320.6717,56.1305,-57.0695,453.0467,194.88,652.3871,849.9422,705.836,857.3722,1225.99,908.708,0,0.013333,0.04,0,0,0,NaN,558.12,829.72,0,0,0,0.026316,0.125,0,738.0265,706.075,688.2603,928.7583,1073.7473,851.4525
A,97.2973,100,97.3333,92,1462.2722,1108.333,1077.9921,1485.655,1099.25,1375.36,1943.6333,1084.208,NaN,1012.0871,1166.41,1151.2914,784.87,1038.3238,NaN,1358.1,1123.88,1778.7,NaN,934.625,NaN,-386.405,568.2733,154.3229,-366.4214,-234.22,NaN,1313.7686,1693.2778,1048.5204,1179.5386,983.445,1115.811,0,0,0.04,0,0.026667,0.04,NaN,NaN,778.49,0,0,0,0,0,0.058824,1569.3953,1158.7567,1030.0656,1219.5553,1202.813,765.94
A,98.6486,94.4444,100,100,923.0473,990.9921,1097.8153,778.62,754.905,933.452,1154.15,799.7125,NaN,762.4086,886.645,1051.5443,1135.3067,884.5362,NaN,1286.3,1212.32,1285.36,1052.4,750.545,NaN,-23.715,220.698,124.2364,83.7624,-73.98,-232.96,854.0777,1022.67,940.9464,1045.3896,1010.252,1141.597,0.027778,0,0,0.027778,0,0,829.41,NaN,NaN,0,0.066667,0,0,0,0,953.9088,818.118,934.6413,1084.91,1162.0882,921.065
A,97.973,100,98.6667,92,1108.84,829.7798,929.1113,1368.35,668.185,946.778,1315.2733,996.344,NaN,843.33,784.3783,882.0371,605.8933,871.3825,NaN,940.66,795.5867,1951.135,757.93,1034.505,NaN,-700.165,368.4953,-58.9517,-276.1438,-145.0733,-1193.205,1078.6721,1155.7678,786.566,876.7513,794.31,996.512,0,0.013333,0.08,0,0,0,NaN,1446.2,1034.835,0,0,0.027027,0,0.25,0,1143.2529,1011.3367,771.8319,935.4494,969.2064,818.85
A,99.3243,100,100,96,760.2748,904.7565,840.4271,635.7475,814.485,827.612,828.55,609.16,NaN,922.7971,915.445,1003.0571,938.9233,824.7987,NaN,952.9,741.03,778.57,1124,872.44,NaN,178.7375,0.938,-7.3521,-64.1338,-211.87,345.43,738.5079,794.1344,913.9376,894.777,939.79,785.2256,0,0,0,0,0,0.04,NaN,NaN,NaN,0,0,0,0,0,0,781.2541,700.8333,886.8428,932.0984,804.167,931.0775
A,97.2973,97.2222,96,100,678.3265,517.0444,467.1573,491.5475,586.905,919.76,685.415,485.864,NaN,447.6971,510.4833,547.7114,497.92,548.1925,NaN,520.25,528.7433,488.325,619.49,453.01,NaN,95.3575,-234.345,62.7862,-49.7914,8.4933,131.165,707.6164,632.7644,482.9968,554.0526,486.844,457.314,0.027778,0.04,0,0,0,0,554.03,398.8467,NaN,0.047619,0,0.027027,0.052632,0,0,697.1347,625.0367,489.7744,571.5844,469.8673,459.705
A,96.6216,100,97.3333,92,1215.1357,1061.0683,1250.7173,1055.1725,1012.185,889.704,1353.6617,1445.754,NaN,887.1071,1401.4017,1110.9886,1276.2067,1160.11,NaN,1391.9,1336.7667,1051.965,1432.3,1406.85,NaN,-42.9875,463.9577,514.2945,165.2181,-55.1333,380.335,1080.7771,1424.1378,942.7484,1195.5227,1358.7,1196.726,0,0.013333,0.08,0,0.013333,0,NaN,1160.9,1188.675,0,0,0,0.026316,0,0.11765,1106.4094,1463.6529,1030.4428,1110.4094,1221.4327,1331.25
A,97.973,100,96,100,693.4455,773.3815,827.9662,512.51,647.82,972.06,755.7567,568.8525,NaN,536.44,679.6871,910.1433,814.685,755.9557,NaN,746.53,796.26,1326.5,786.16,NaN,NaN,135.31,-216.3033,143.2471,-95.4583,49.73,-540.34,721.3964,665.4945,733.402,818.8127,791.21,834.6491,0,0.026667,0,0,0.013333,0,NaN,610.135,NaN,0,0,0,0.047619,0,0,723.3633,629.3357,710.7477,850.9281,774.7244,947.76
A,93.2432,97.2222,94.6667,80,772.27,616.2141,667.5607,479.7925,656.1,1058.266,912.0233,559.91,NaN,495.45,591.15,641.1686,720.71,645.9887,NaN,720.43,596.2733,689.775,930.83,571.86,NaN,176.3075,-146.2427,95.7,79.5414,-124.1567,241.055,746.8679,811.7844,580.0196,659.3029,623.944,689.369,0.027778,0.026667,0.2,0,0.026667,0,581.85,535.94,680.692,0,0.066667,0,0.052632,0.125,0.23529,823.2259,627.895,597.5847,658.7957,715.4055,535.9875
A,98.6486,100,97.3333,100,516.4378,494.6229,488.5687,527.9225,472.07,494.26,531.26,533.598,NaN,465.15,474.4333,517.1686,579.7033,452.4625,NaN,508.89,509.7267,459.125,398.23,490.525,NaN,-55.8525,37,9.2833,62.5348,0.83667,-60.895,520.5371,510.0611,482.436,507.8696,458.028,503.839,0,0.026667,0,0,0,0,NaN,411.19,NaN,0,0,0,0.052632,0,0,512.6288,527.23,499.5328,484.8031,493.2409,475.72
A,95.2703,94.4444,96,100,1148.961,1571.5351,1388.6,1177.5433,990.27,1081.16,1130.7283,1248.385,NaN,1725.7,1814.8,1455.0733,1912.6333,1353.5763,NaN,1252.2,1804.8,1655,1038.2,1275.25,NaN,-187.2733,49.5683,89.1,457.56,552.6,-616.8,1202.0917,1078.12,1517.1771,1628.2565,1191.26,1487.27,0,0.026667,0,0.055556,0.013333,0,NaN,2032.45,NaN,0,0,0,0.052632,0,0,1077.4786,1291.9257,1631.2755,1455.7881,1510.639,1144.522
A,100,100,100,100,974.4652,808.4804,901.5987,794.645,886.175,935.25,1100.0667,1051.682,NaN,729.2414,744.8333,880.8614,773.5333,764.3213,NaN,632.42,1039.76,940.035,1877,738.02,NaN,91.53,164.8167,15.5919,-107.3281,407.34,936.965,936.5121,1033.5033,773.3196,846.6987,1101.242,801.777,0,0,0,0,0,0,NaN,NaN,NaN,0,0,0,0,0,0,954.5635,1030.8533,761.5967,886.62,927.2155,831.1525
A,99.3243,100,98.6667,100,663.8957,648.3898,771.108,649.4225,569.585,612.01,712.5783,602.664,NaN,557.8514,689.7717,707.1786,656.2933,651.0625,NaN,694.3,664.56,1297.975,705.17,642.7,NaN,-79.8375,100.5683,131.9202,-50.8852,-29.74,-592.805,652.6493,681.39,631.3516,666.9096,783.216,765.054,0,0.013333,0,0,0,0,NaN,632.8,NaN,0,0,0,0.026316,0,0,651.3165,699.5367,637.9793,665.7406,772.9827,765.9525
A,100,100,100,100,747.6696,697.231,769.27,647.135,999.905,689.628,809.445,687.678,NaN,575.95,722.2533,726.57,772.0033,723.14,NaN,803.23,1000.2367,765.735,1087.2,625.57,NaN,352.77,119.817,146.3033,45.4333,197.0067,321.465,684.6707,845.6678,646.2848,752.6074,860.45,723.68,0,0,0,0,0,0,NaN,NaN,NaN,0,0,0,0,0,0,758.4212,717.2067,663.1937,753.96,815.7836,641.3575
A,97.973,100,100,88,911.613,874.5908,738.1353,720.2675,916.86,905.602,1025.6217,770.714,NaN,740.2714,1012.9633,1036.2286,908.9567,673.5263,NaN,892.25,639.0133,842.615,894.73,750.525,NaN,196.5925,120.0197,272.6919,-127.2719,-253.2367,52.115,870.3693,975.77,811.6604,942.9935,786.248,714.079,0,0,0.12,0,0,0,NaN,NaN,1457.3533,0,0,0,0,0,0.17647,905.6782,928.4283,937.6258,735.914,726.7873,769.3425
A,100,100,100,100,751.8383,618.6223,654.2307,652.4825,613.09,794.822,883.1083,692.644,NaN,498.5843,591.82,588.4086,607.36,692.28,NaN,583.74,688.6433,639.355,1002,576.765,NaN,-39.3925,88.2863,93.2357,18.9514,104.9033,362.645,724.0329,795.0911,568.3964,673.2157,725.388,618.652,0,0,0,0,0,0,NaN,NaN,NaN,0,0,0,0,0,0,771.11,697.235,561.0303,714.6089,671.38,607.07
A,99.3243,100,98.6667,100,799.4743,941.0648,926.1413,789.6725,747.3,840.222,806.79,772.494,NaN,883.3986,959.6983,988.7257,979.5,897.0262,NaN,818.34,990.1633,1348.46,975.58,947.985,NaN,-42.3725,-33.432,76.2998,-9.2257,171.8233,-372.88,818.4379,769.9756,905.9188,979.267,859.89,959.267,0,0.013333,0,0,0,0,NaN,829.53,NaN,0,0,0.027027,0,0,0,805.5965,782.1283,933.5083,953.6589,951.5591,856.2425
A,99.3243,100,98.6667,100,774.6052,976.3974,848.4673,806.975,682.4,708.442,966.26,646.968,NaN,925.0471,772.6633,969.7729,704.9167,953.7562,NaN,622.02,951.4467,968.765,820.74,949.73,NaN,-124.575,257.818,-152.3838,-264.8562,329.4267,-148.025,720.1164,859.3656,898.7971,1057.3717,931.334,807.034,0,0,0,0,0.013333,0,NaN,NaN,NaN,0,0,0,0,0,0,819.5571,647.2417,855.3579,1171.4056,865.6391,801.245
A,100,100,100,100,1026.8796,814.404,872.7447,986.22,791.645,862.71,1430.4683,789.26,NaN,749.8686,982.6783,785.41,947.5367,782.11,NaN,656.69,1205.2367,575.42,840.12,1117.025,NaN,-194.575,567.7583,232.8098,162.1267,548.5467,264.7,914.8307,1201.1778,750.2292,884.1591,983.492,817.371,0,0,0,0,0,0,NaN,NaN,NaN,0,0,0,0,0,0,1083.7959,865.6167,804.749,830.4956,804.4218,1060.6325
A,95.9459,88.8889,100,100,897.4135,1049.6126,1081.8625,777.1,1067.3367,NaN,767.085,749.554,NaN,1222.1133,905.3657,940.725,1237.0262,800.02,NaN,NaN,811.35,NaN,1333.7,852.6125,NaN,290.2367,NaN,-316.7476,296.3012,NaN,NaN,910.8022,882.3512,887.214,1169.9078,867.7738,1295.9513,0,0,0,0.11111,0,0,NaN,NaN,NaN,0,0,0,0,0,0,821.9475,964.4944,994.2757,1147.2659,1300.4962,863.2288
A,97.973,97.2222,98.6667,100,514.4426,505.7325,414.8187,471.6025,438.86,502.868,614.97,451.524,NaN,421.8586,467.5167,526.3486,499.0333,521.0663,NaN,405.08,396.8267,367.675,491.24,376.775,NaN,-32.7425,112.102,45.6581,-27.3152,-8.2533,123.565,488.7886,554.3489,458.142,557.4613,418.38,413.038,0.027778,0.013333,0,0,0,0,498.1,454.45,NaN,0,0.066667,0.027027,0,0,0,527.5465,477.315,455.7003,589.1194,400.9892,470.1367
A,91.2162,86.1111,96,92,1007.7594,908.1667,926.3493,853.74,733.785,825.144,1006.13,1205.1167,NaN,584.0143,770.5983,1415.168,1458.9333,900.3363,NaN,866.05,1148.94,1037.585,1068.1,858.35,NaN,-119.955,180.986,186.584,43.7653,282.89,30.515,1018.565,994.2525,852.5704,966.29,885.988,946.53,0,0,0.08,0.13889,0.04,0,NaN,NaN,721.385,0,0,0,0,0,0.11765,758.856,1318.8887,918.3857,887.7287,927.4827,923.2325
A,100,100,100,100,891.9465,846.411,829.9847,833.0225,848.36,954.868,969.42,791.744,NaN,819.43,726.8,899.4343,756.6533,833.8613,NaN,830.85,734.5833,1055.555,1011.3,734.55,NaN,15.3375,14.552,-92.63,-142.781,-96.2667,-44.255,874.025,919.8244,838.0632,855.4848,837.97,825.992,0,0,0,0,0,0,NaN,NaN,NaN,0,0,0,0,0,0,918.8041,815.85,807.429,911.3811,851.5191,770.765
A,100,100,100,100,789.023,916.0744,939.7467,700.3725,790.46,785.364,757.445,821.226,NaN,769.74,878.085,904.6586,763.66,978.2375,NaN,899.79,982.4533,1133.65,977.35,850.24,NaN,90.0875,-27.919,108.345,-140.9986,82.6633,-156.3,801.3157,769.9011,879.3968,955.9413,965.8,926.72,0,0,0,0,0,0,NaN,NaN,NaN,0,0,0,0,0,0,756.1118,882.2717,844.375,1035.5733,965.9127,867.79
A,99.3243,100,100,96,948.2035,773.5598,698.5533,843.765,1099.165,1207.674,843.03,762.768,NaN,593.9343,676.405,903.62,640.7333,794.1537,NaN,681.18,761.4933,651.395,1440.8,555.175,NaN,255.4,-364.644,82.4707,-262.8867,80.3133,789.405,1004.0236,861.3722,775.9284,770.9852,866.54,614.56,0,0,0.04,0,0,0,NaN,NaN,714.92,0,0,0,0,0,0.058824,980.5847,856.4567,707.892,883.0061,734.2382,600.42
6,93.9189,94.4444,97.3333,80,1211.6243,1498.7479,1544.0146,1152.0533,957.4,1268.675,1748.0333,1063.53,NaN,1312.6486,1480.4371,1729.3,1540.695,1615.7757,NaN,1301,2933.7,2479,1583.2,NaN,NaN,-194.6533,479.3583,167.7886,-188.605,1632.7,-895.8,1198.702,1223.3718,1433.5208,1569.647,2258.45,1414.1173,0.027778,0.026667,0.2,0.027778,0,0,1382.7,1524.8,1725.3,0,0.055556,0.030303,0.02381,0.25,0.17647,1285.1015,1092.2238,1424.7667,1622.05,1516.1656,1606.675
6,98.6486,100,100,92,784.5396,828.5015,901.7387,612.4975,876.11,647.976,1005.2,822.398,NaN,568.0929,806.18,703.5129,790.9633,978.0625,NaN,1132.7,818.4567,639.22,1108.5,1186.33,NaN,263.6125,357.224,238.0871,87.4505,-314.2433,469.28,680.2621,946.7489,741.3572,923.2235,962.428,871.394,0,0,0.08,0,0,0,NaN,NaN,770.205,0,0,0,0,0.125,0.058824,792.5465,761.8533,776.5144,932.4756,845.7373,1055.7425
6,95.9459,100,97.3333,84,1131.5043,1110.7119,1171.2827,796.66,868.65,888.274,1742.155,902.372,NaN,930.0771,1006.75,1164.48,1292.2333,1253.3963,NaN,1720.5,980.2,1530.81,1272.7,759.85,NaN,71.99,853.881,76.6729,127.7533,-740.3,-258.11,923.2179,1455.5056,1034.0568,1197.82,1054.176,1229.836,0,0.013333,0.16,0,0.013333,0,NaN,3270.1,858.0575,0,0,0.027027,0,0.125,0.17647,1165.7788,1034.3933,1044.8661,1265.92,1294.6455,832.035
6,95.2703,94.4444,97.3333,92,1121.3586,1145.0513,1326.8987,974.4775,1068.35,1405.822,1010.75,1037.79,NaN,932.3086,999.085,1383.8957,1422.6167,1454.5625,NaN,838.85,1856.2,2003.65,1827.3,1046.755,NaN,93.8725,-395.072,66.7764,38.721,1017.35,-176.35,1176.46,1031.8188,1016.3728,1291.2768,1365.922,1307.387,0,0.013333,0.08,0.055556,0.013333,0,NaN,3122.9,848.52,0,0,0.027027,0,0.125,0.058824,940.8193,1482.4371,975.4587,1444.3324,1438.7609,1019.2775
6,93.9189,91.6667,97.3333,84,1235.1143,1135.5075,1176.9231,818.7083,1716.4,1315.9425,1671.0067,1283.515,NaN,1038.8343,1176.3157,1176.7733,1442.75,1074.0486,NaN,729.34,1453.4,1778.2,1140.1,NaN,NaN,897.6917,355.0642,137.4814,265.9767,724.06,-638.1,1017.602,1432.8527,1025.2972,1255.3013,1296.75,1155.1364,0.055556,0.026667,0.16,0.027778,0,0,1254.4,855.82,935.0725,0,0.11111,0,0.047619,0.25,0.11765,1234.2715,1236.4837,1088.4445,1207.3405,1094.95,1450.1667
6,95.2703,100,98.6667,76,849.9048,1063.9835,990.84,708.59,742.895,758.77,1012.5183,865.24,NaN,670.6971,894.26,1159.3643,1058.2667,1086.6487,NaN,898.62,985.5,1147.01,946.94,1093.75,NaN,34.305,253.7483,223.5629,-101.0976,86.88,-200.07,800.1407,927.3156,963.2132,1173.5165,976.044,998.238,0,0.013333,0.24,0,0,0,NaN,769.77,1106.4133,0,0,0,0.026316,0.25,0.23529,834.6535,893.1167,1015.7931,1193.7269,967.5327,1054.935
6,95.9459,94.4444,97.3333,92,1012.8281,999.289,963.134,900.7925,1014.4,676.9625,1205.4667,1153.124,NaN,759.7214,1042.6583,824.91,1287.3633,888.5288,NaN,633.69,1014.1333,957.71,1398,1003.795,NaN,113.6075,528.5042,282.9369,462.4533,380.4433,440.29,902.6454,1191.875,795.71,1220.5704,1094.698,897.352,0,0.026667,0.08,0.055556,0,0,NaN,622.735,371.4433,0,0,0,0.052632,0.25,0,970.548,1118.5283,865.4641,1266.9388,956.6373,981
6,84.4595,91.6667,80,88,1166.2733,1184.9759,1204.7673,975.2975,1555.65,844.925,1244.21,1109.7475,NaN,817.6386,912.3817,1297.172,1395.4667,1429.3575,NaN,966.47,1051.5267,1116.16,2379,1258.67,NaN,580.3525,399.285,94.7431,98.2947,85.0567,1262.84,1090.395,1267.4444,961.4527,1443.7921,1377.714,1118.294,0.027778,0.10667,0.12,0.055556,0.093333,0,885.34,1565.8338,1512.2667,0.047619,0,0.10811,0.10526,0.125,0.11765,1117.4893,1263.8414,1073.4447,1489.1518,1242.6837,1161.4343
6,93.2432,97.2222,94.6667,80,837.7948,1070.8813,1252.7387,694.685,791.03,868.648,887.705,904.868,NaN,803.7083,843.9917,1337.1729,893.9767,1094.32,NaN,1944.7,1553.9267,1085.09,1933.6,1004.135,NaN,96.345,19.057,40.2833,-443.1962,-390.7733,848.51,823.9779,859.2878,1071.9304,1069.8322,1425.594,1166.311,0.027778,0.026667,0.2,0,0.026667,0,1109.6,1069.075,835.922,0,0.066667,0,0.052632,0.125,0.23529,825.31,873.1683,1032.6297,1158.3136,1342.0555,1007.1175
6,91.2162,91.6667,92,84,1326.065,1646.5479,1501.0831,993.4025,1096,1422.84,1964.8,1076.458,NaN,1146.8429,1395.776,1853.92,1709.5667,1176.58,NaN,1071.5,2134.2,1753.1,NaN,1069.585,NaN,102.5975,541.96,248.9331,-144.3533,1062.7,NaN,1173.7462,1608.9429,1480.2491,1829.4765,1393.6925,1548.8122,0,0,0.08,0.083333,0.08,0.08,NaN,NaN,1603.75,0,0,0,0,0.125,0.058824,1409.2673,1076.458,1438.6841,1875.198,1515.911,1451.6567
6,96.6216,97.2222,97.3333,92,1046.8991,1528.8322,1561.2169,1167.805,664.06,952.85,1148.3167,920.785,NaN,1293.2833,1416.4443,1615.8833,1790.6,1710.15,NaN,1504.8,1762.9,918.01,1778.3,NaN,NaN,-503.745,195.4667,123.161,174.7167,258.1,860.29,1070.0982,1023.7,1545.0762,1511.1114,1770.6,1523.1473,0.027778,0,0.08,0,0.026667,0,2134.5,NaN,1999.85,0,0.055556,0,0,0.125,0.058824,1058.6727,1021.67,1431.8438,1654.917,1709.0122,1228.6775
6,98.6486,100,100,92,1272.2222,1527.0825,1561.3143,1361.475,1509.865,1111.23,1316.9817,1260.208,NaN,1302.87,2117.0167,1543.3571,1315.2033,1768.9125,NaN,1082.1,2178.3667,1399.3,NaN,1307.55,NaN,148.39,205.7517,814.1467,-228.1538,1096.2667,NaN,1233.4564,1332.5244,1366.338,1701.8048,1843.125,1448.59,0,0,0.04,0,0,0.04,NaN,NaN,1533,0,0,0,0,0,0.058824,1289.6276,1222.9067,1421.8297,1687.7316,1527.38,1646.15
6,95.9459,100,97.3333,84,774.2574,847.3594,912.786,675.2775,529.09,719.374,867.415,879.07,NaN,686.7286,865.7683,961.1771,727.4567,798.0375,NaN,748.07,1464.84,710.225,859.37,815.125,NaN,-146.1875,148.041,179.0398,-233.7205,716.77,149.145,768.5429,783.1467,826.2644,870.2887,830.354,954.002,0,0.026667,0.16,0,0,0,NaN,837.705,993.79,0,0,0,0.052632,0.25,0.11765,738.8618,874.545,836.8529,875.6462,936.9982,846.2025
6,96.6216,100,96,92,1173.6909,1269.4366,1358.5533,720.36,1241.41,1094.09,1654.8167,997.076,NaN,896.6129,991.505,1510.5143,1213.55,1567.95,NaN,930.94,1971.8333,1042.065,2423.7,1213.65,NaN,521.05,560.7267,94.8921,-296.9643,1040.8933,1381.635,961.7407,1503.3911,1257.2796,1283.2514,1564.32,1255.67,0,0.026667,0.08,0,0.013333,0,NaN,1236.615,2106.44,0,0,0.027027,0.026316,0.125,0.058824,1221.3888,1038.5467,1160.114,1462.3588,1386.9273,1280.525
6,95.2703,97.2222,98.6667,80,943.3261,945.3015,886.6347,922.43,883.03,989.542,814.9083,1034.112,NaN,711.7614,959.3133,1112.0514,995.31,849.0812,NaN,997.74,1011.51,737.345,892.19,860.5,NaN,-39.4,-174.6337,247.5519,-116.7414,13.77,154.845,1007.485,843.5233,849.3968,1049.5457,895.314,882.295,0.027778,0.013333,0.2,0,0,0,1301.1,3321.1,826.938,0.047619,0,0,0.026316,0.125,0.23529,915.3022,1044.212,938.0624,962.8821,871.9527,927.01
6,94.5946,100,92,96,1261.9543,1218.0256,1311.8977,704.49,924.33,2042.9333,1329.0475,931.9467,NaN,631.968,1161.15,1405.11,1207.446,1353.6929,NaN,1003.5,1386.4,2541.5,1002.5,916.31,NaN,219.84,-713.8858,529.182,-197.664,382.9,-1539,1376.6962,1112.79,1034.0217,1429.63,1225.292,1366.0263,0,0.026667,0.04,0,0.053333,0,NaN,1324.2,600.19,0,0,0,0.054054,0.090909,0,1202.0481,1398.8829,1144.67,1354.956,1478.4843,1117.5467
6,95.2703,97.2222,94.6667,92,1006.5485,1094.7242,1113.8369,764.0775,989.7,991.2867,1083.378,1115.8275,NaN,888.5014,989.2243,1070.1117,1144.93,1309.5167,NaN,1130.4367,758.205,1103.515,1263.9,1064.2,NaN,225.6225,92.0913,100.7229,74.8183,-372.2317,160.385,883.0867,1107.5627,1005.7795,1169.985,1353.285,1034.0208,0,0.026667,0.08,0.027778,0.026667,0,NaN,1010.505,1167.35,0,0,0.029412,0.02439,0,0.11111,959.0329,1117.4183,1038.5011,1246.0938,1103.1918,1137.256
6,95.2703,91.6667,98.6667,96,807.275,1067.9168,1145.3575,1499.03,810.51,772.14,749.1833,571.155,NaN,1073.322,864.0557,735.888,781.11,945.5183,NaN,1502.2,1406.07,1438,703.435,911.8,NaN,-688.52,-22.9567,-209.2663,45.222,-96.13,-734.565,905.6256,726.8064,1094.5295,1043.6183,1106.075,1168.927,0.027778,0,0.04,0.055556,0.013333,0,695.23,NaN,1150.1,0.052632,0,0,0,0.1,0,870.7936,659.065,968.53,1225.7665,1250.778,969.6567
6,96.6216,94.4444,98.6667,92,1185.3683,1542.2464,1614.315,837.9725,1049.0833,NaN,1710.1733,1384.728,NaN,1201.972,1265.23,1444.9,1422.2,1656.86,NaN,1743.0333,1236.6,1777.4,1875.25,855.15,NaN,211.1108,NaN,63.258,-22.7,-506.4333,97.85,894.54,1370.4409,1381.1116,1854.445,1401.4414,1827.1886,0.027778,0,0.04,0.027778,0.013333,0.04,435.8,NaN,881.53,0.058824,0,0,0,0,0.071429,1162.966,1213.3712,1363.0971,1806.2558,1534.516,1813.8125
6,93.2432,94.4444,94.6667,88,1599.515,1732.7395,1915.8462,1845.175,NaN,1419.9,1335.3,1465.2,NaN,1463.2,1942.4,1317.675,1980.85,2057.14,NaN,2527.25,2148.7,NaN,NaN,1653.2,NaN,NaN,-84.6,479.2,663.175,-378.55,NaN,1611.0778,1495.45,1465.3,1988.0227,1993.2714,1825.5167,0,0,0.04,0.055556,0.053333,0.08,NaN,NaN,1264.9,0,0,0,0,0.090909,0,1630.8429,1526.4167,1594.5483,2018.9929,1861.08,1950.075
6,95.9459,100,96,88,1128.3335,1086.926,878.27,1001.1925,948.2,1056.982,1381.6167,1101.348,NaN,744.6,1314.2233,1038.1333,877.57,1251.7825,NaN,871.47,822.2267,1238.19,695.44,985.175,NaN,-52.9925,324.6347,569.6233,-160.5633,-49.2433,-542.75,1036.9621,1270.4667,918.7721,1262.3909,801.978,916.416,0,0.026667,0.12,0,0.013333,0,NaN,442.3586,982.0633,0,0,0.027027,0.026316,0.25,0.058824,1145.6341,1079.315,998.8462,1274.8293,873.9445,890.165
6,95.2703,94.4444,97.3333,92,1142.9335,1141.6728,1263.2285,844.4767,757.06,1525.808,1637.7,911.6625,NaN,961.4657,902.7357,1561.174,1356.345,900.9786,NaN,926.55,1314.7,1526.5,2944,NaN,NaN,-87.4167,111.892,-58.73,-204.829,388.15,1417.5,1154.1727,1129.1967,1103.9225,1181.0643,2129.35,1105.7518,0,0.013333,0.08,0.055556,0.013333,0,NaN,614.55,763.705,0,0,0,0.02381,0.125,0.058824,1224.404,898.522,1157.3996,1120.4415,1282.3844,1220.1275
6,97.2973,97.2222,100,92,1171.5205,1113.6436,1095.9277,1270.31,1057.21,1344.0367,953.7233,1198.1,NaN,806.79,1127.725,1228.245,1288.55,1052.9713,NaN,2293,758.28,1262.64,1247.6,937.3767,NaN,-213.1,-390.3133,320.935,60.305,-1534.72,-15.04,1287.5846,1003.8722,1023.6356,1215.9255,1264.946,990.2912,0,0,0.08,0.027778,0,0,NaN,NaN,1013.575,0,0,0,0,0.18182,0,1165.604,1184.1986,1075.8613,1186.8469,1171.5014,1007.7583
6,95.2703,97.2222,96,92,1106.8775,1133.2842,993.9612,1267.6125,2333.1,747.03,1005.5125,896.458,NaN,967.9014,877.01,894.8867,1294.212,1269.0467,NaN,951.9633,657.24,977.95,1281.5,750.95,NaN,1065.4875,258.4825,-90.8914,399.3253,-294.7233,303.55,990.017,1223.738,931.6286,1303.9158,1155.9425,939.9675,0,0.013333,0.08,0.027778,0.026667,0,NaN,1449.6,1202.13,0,0,0.029412,0,0,0.11111,1230.7531,876.8229,982.6115,1464.764,1000.6145,979.324
6,85.8108,83.3333,88,80,1235.51,917.3629,1399.424,867.865,1685.794,813.2,2051.0633,693.365,NaN,796.58,824.1629,1163.222,1079.5533,854.935,NaN,1341.4333,1544.8,1492.275,1259.25,2394,NaN,817.929,1237.8633,27.5829,-83.6687,203.3667,-233.025,898.667,1572.353,934.4682,901.0013,1340.162,1429.055,0.11111,0.12,0.16,0.055556,0,0.04,2121.805,1058.3933,707.7775,0.10526,0.11765,0.1,0.13333,0.1,0.2,1359.7637,738.495,929.2679,884.6242,1307.1927,1653.06
4,81.0811,69.4444,88,80,1422.8008,1679.4714,2072.3182,1621.7333,883.96,1083.99,2377.5,1185.07,NaN,1766.6143,1570.9333,1589.62,1905.2333,2007.3167,NaN,NaN,1804.3,1637.7,1890.8,2498.9,NaN,-737.7733,1293.51,-195.681,315.6133,NaN,253.1,1336.0633,1617.96,1533.7545,1839.76,2296.2,1988.3625,0.027778,0.04,0.04,0.27778,0.08,0.16,651.73,1914.6567,2489.9,0,0.066667,0.027027,0.052632,0.125,0,1246.9883,1573.4971,1570.0885,1857.2187,2067.3714,2080.975
4,86.4865,75,90.6667,96,2329.3667,2050.3651,2497.8857,2616.15,1793.85,2039.02,2594.62,2952.3,NaN,1811.45,2229.6167,2440.8167,1939.7,1811.7625,NaN,NaN,2757.5,2289.7,3091.6,2149.35,NaN,-822.3,555.6,418.1667,-501.1167,NaN,801.9,2297.4625,2365.8286,2040.8696,2061.285,2515.52,2488.0889,0.027778,0.026667,0,0.22222,0.066667,0.04,2548.8,2804.3,NaN,0.047619,0,0.027027,0.026316,0,0,2047.1909,3105.35,2076.068,2014.6667,2502.28,2486.9
4,86.4865,75,93.3333,88,1351.52,945.3735,773.9043,944.61,1818.75,790.84,1052.4033,1843.27,NaN,715.5486,1003.325,999.9929,981.1867,1193.7937,NaN,794.88,549.435,907.18,1277.7,955.01,NaN,874.14,261.5633,287.7764,-18.8062,-245.445,370.52,1238.2322,1521.4517,794.378,1109.4991,884.666,712.37,0.027778,0.066667,0.08,0.22222,0,0.04,1269.3,673.244,608.465,0,0.066667,0,0.13158,0.125,0.058824,1105.645,1843.27,865.2659,1139.9207,736.7291,910.2133
4,72.973,69.4444,72,88,1627.7662,1923.1257,1992.4708,1615.175,1394.5,1334.5,1421.3867,1926.775,NaN,1218.368,1343.8075,3189.65,NaN,2181.05,NaN,2261.7,1894.1333,2513.35,1904.4,1446.76,NaN,-220.675,86.8867,125.4395,NaN,-367.5667,-608.95,1543.9125,1761.932,1866.9524,2009.9391,1955.664,2015.475,0.027778,0.013333,0.04,0.27778,0.26667,0.08,518.12,12.113,1011.3,0,0.066667,0,0.026316,0.125,0,1404.572,1767.2625,1275.8382,2341.9588,2296.8667,1731.56
4,81.7568,77.7778,84,80,1199.6245,1472.7789,1791.5892,873.74,1383.8,1471.936,887.1567,1419.3,NaN,939.3443,1057.8729,1627.98,2151.8,1481.7629,NaN,1150.9,1716.1,1702.1,1529.2,NaN,NaN,510.06,-584.7793,118.5286,523.82,565.2,-172.9,1145.6473,1265.5967,1275.0957,1679.4477,1622.65,1822.3055,0.16667,0.12,0.2,0.055556,0.04,0,1545.695,1461.5076,1597.638,0.16667,0.16667,0.090909,0.14286,0.375,0.11765,1209.7979,1175.8867,1387.717,1642.9027,1789.7782,1801.55
4,95.2703,100,94.6667,88,1276.5909,1208.057,1777.0247,1056.5775,1416.8,1209.634,1491.7167,1179.002,NaN,753.068,1041.49,1377.4317,1165.7,1286.1012,NaN,1796.1,2189.4,1560.85,3209.7,2249.75,NaN,360.2225,282.0827,288.422,-211.7317,393.3,1648.85,1180.6993,1425.7556,1142.0045,1274.1095,2406.14,1462.467,0,0,0.12,0,0.053333,0,NaN,NaN,1242.31,0,0,0,0,0,0.17647,1297.5518,1217.2017,1154.0721,1302.5306,1787.337,1756.4
4,47.973,58.3333,46.6667,36,1558.1785,1391.1921,1806.3533,1130.9,1412.9,1326.7333,1069.53,2388.15,NaN,975.568,1750.4,1328.9625,1259.6,1397.182,NaN,3687.7,NaN,1699.7,NaN,848.91,NaN,282,-257.2033,774.832,-69.3625,NaN,NaN,1820.6625,1138.204,1208.2493,1587.2021,1883.24,1729.4667,0.13889,0.29333,0.36,0.27778,0.24,0.28,1220.1622,1265.6597,1280.0091,0.1,0.1875,0.31579,0.27027,0.36364,0.35714,1687.0245,849.525,1315.0908,1756.478,1891.164,1382.3
4,95.9459,97.2222,94.6667,100,1439.45,1543.395,2256.7733,1353.625,1556.1,1454.58,1445.2333,1349.475,NaN,1509.1714,1400.8167,1678.16,1361.2,1533.75,NaN,1417.3,1950.2333,2176.7,1964.2,2111.9,NaN,202.475,-9.3467,-108.3548,-316.96,532.9333,-212.5,1437.1923,1442.7111,1463.2557,1631.1667,2179.08,2295.62,0,0,0,0.027778,0.053333,0,NaN,NaN,NaN,0,0,0,0,0,0,1429.85,1465.05,1433.603,1717.7706,2232.4444,2293.2667
4,41.8919,19.4444,53.3333,60,2212.9,1989.0156,1904.3469,NaN,NaN,NaN,NaN,2212.9,NaN,1789.092,2034.468,1979.9167,1668.475,1994.96,NaN,962.27,2348,2216.65,1913.8,NaN,NaN,NaN,NaN,245.376,-311.4417,1385.73,-302.85,3114.8,1311,1942.6033,2035.4278,2159.525,1790.9344,0.27778,0.28,0.28,0.52778,0.18667,0.12,1458.9405,1804.8884,1837.0686,0.29412,0.26316,0.23529,0.31707,0.28571,0.27778,2212.9,NaN,2015.2224,1543.5,2006.6058,677.24
4,82.4324,72.2222,90.6667,80,2482.9385,1762.1591,1831.3636,2769.3,2888.8,1859.2,1791.7,2950.25,NaN,1304.2971,2269.54,1811.46,2421.3333,1724.4763,NaN,1566.8,2488.9,1907.1,1380.6,1197.15,NaN,119.5,-67.5,965.2429,609.8733,922.1,-526.5,2466.4375,2509.34,1535.5361,2010.3652,1343.425,2110.1857,0,0.04,0.04,0.27778,0.053333,0.16,NaN,2077.9667,3195,0,0,0.054054,0.026316,0.125,0,2240.0667,2691.1143,1802.9452,1697.3812,1885.6857,1736.3
4,79.7297,80.5556,84,72,1868.2406,1634.391,1570.8555,1744.975,1842.95,1018.73,2706.75,1893.64,NaN,1277.76,1636.828,1478.6,1800.25,1803.925,NaN,1381,2223.5,1363.4,1326.6,1776.45,NaN,97.975,1688.02,359.068,321.65,842.5,-36.8,1759.7908,2128.52,1464.7755,1812.9337,1626.5,1549.9887,0.027778,0.04,0.12,0.16667,0.12,0.16,18.878,1157.046,1963.32,0,0.066667,0.027027,0.052632,0,0.17647,1817.2271,1903.95,1508.2068,1797.6882,1565.4887,1585.1667
4,84.4595,88.8889,85.3333,80,1689.118,1383.9877,1605.2079,2668.9,1437.4,1309.758,1298.0783,2145.8,NaN,1056.4243,1279.81,1417.3143,1530.5667,1426.9867,NaN,3160.6,2289.6667,1531.55,1336.6,1208.015,NaN,-1231.5,-11.6797,223.3857,113.2524,-870.9333,-194.95,1911.6408,1355.3338,1181.924,1649.8611,1609.646,1602.7422,0.027778,0.093333,0.16,0.083333,0.053333,0.04,1534.2,770.7271,1522.9575,0,0.066667,0.081081,0.10526,0,0.23529,1312.816,2065.42,1213.5791,1838.4108,1713.5255,1208.0433
4,72.973,77.7778,74.6667,64,1816.4222,1764.0017,2163.1571,1264.225,1729.6,1887.55,2105.14,2132.75,NaN,1539.1167,1932.2,2384.6,2388.4,1532.8767,NaN,NaN,NaN,2466.45,2842.3,2163.6,NaN,465.375,217.59,393.0833,3.8,NaN,375.85,1650.96,2023.25,1719.9818,1805.5761,2389.8333,1993.15,0.083333,0.08,0.04,0.13889,0.17333,0.32,1101.6258,475.0129,2.2942,0.095238,0.066667,0.054054,0.10526,0,0.058824,1650.225,2148.8167,1689.125,1863.8373,1979.9,2407.5
4,94.5946,97.2222,97.3333,88,1427.3573,1125.0785,1062.3033,1358.1333,1238.85,1265.712,1673.4833,1372.78,NaN,762.6114,940.7917,1334.8483,1360.9,1167.4963,NaN,1297,1234.04,1531.05,950.6,895.55,NaN,-119.2833,407.7713,178.1802,26.0517,-62.96,-580.45,1322.0662,1579.4444,1048.2329,1208.91,1145.82,1020.545,0,0,0.12,0.027778,0.026667,0,NaN,NaN,1614.97,0,0,0,0,0.125,0.11765,1432.5975,1413.3833,1072.1353,1224.3469,1109.2036,933.3275
4,89.1892,91.6667,85.3333,92,1439.4673,1653.1376,1754.1347,1118.1375,978.925,1791.32,1573.98,1345.896,NaN,1342.5483,1815.2,1664.2,1465.045,1482.1783,NaN,2282.8,1555.4,2289.8,1168.8,2066.175,NaN,-139.2125,-217.34,472.6517,-199.155,-727.4,-1121,1490.1993,1350.6862,1440.6962,1865.579,1790.87,1735.767,0.055556,0.066667,0.08,0.027778,0.08,0,6.5834,709.0039,1447.7,0.047619,0.066667,0.081081,0.052632,0.25,0,1422.2435,1498.028,1584.8075,1789.7979,1617.03,1959.7917
4,80.4054,88.8889,77.3333,80,1709.4511,1889.2894,1548.4833,1370.725,1372.3,2119.48,1552.3625,1366.38,NaN,1348.786,1791.8,1943.45,2276.6333,1686.3517,NaN,NaN,1659.2,2100.6,1916.1,1955.4,NaN,1.575,-567.1175,443.014,333.1833,NaN,-184.5,1769.4477,1579.4583,1797.8581,1970.5617,1703.7,1437.6143,0,0.04,0.08,0.11111,0.18667,0.12,NaN,1609.817,1327.8,0,0,0.054054,0.026316,0.125,0.058824,1685.2708,1750.9029,1688.202,2048.0426,1377.22,1670.8143
4,90.5405,100,93.3333,72,1206.265,1455.7059,1208.2025,817.9483,892.35,1112.82,1831.9667,1199.6975,NaN,927.4333,1442.8186,1378.4833,874.64,1870.05,NaN,993.52,783.88,1259,863.72,NaN,NaN,74.4017,719.1467,515.3852,-503.8433,-209.64,-395.28,951.9809,1460.5491,1346.6204,1586.6085,823.8,1285.083,0,0.013333,0.24,0,0.053333,0.04,NaN,968.19,1038.7745,0,0,0,0.02381,0.5,0.11765,1140.5493,1321.2675,1254.7379,1807.4,1109.49,1346.4
4,87.8378,80.5556,94.6667,88,1629.5795,1932.6591,1862.7423,1254.4975,1382.4,1285.95,1520.8833,2395.6667,NaN,1955.5571,1682.52,2238.3833,1979.9667,1954.35,NaN,NaN,1760.2667,1682.275,2596.8,3358.9,NaN,127.9025,234.9333,-273.0371,-258.4167,NaN,914.525,1725.1242,1486.2625,1933.4713,1931.81,2214.65,1706.3389,0.11111,0.013333,0.04,0.083333,0.04,0.08,2107.575,2875.9,1717.4,0.14286,0.066667,0.027027,0,0,0.058824,1559.5875,1909.5475,1848.9387,2100.1,1659.6071,2099.7333
4,95.2703,100,98.6667,84,2178.2696,2274.9106,2396.4714,1964.325,2234.55,2017.68,2482.7333,2276.48,NaN,2411.3,2438.2333,2406.7333,2225.2333,2100.7375,NaN,2544.5,2615.6,2480,2985.3,2260.9,NaN,270.225,465.0533,26.9333,-181.5,71.1,505.3,2061.9143,2359.2667,2258.1375,2292.413,2625.425,2304.89,0,0,0.12,0,0.013333,0.04,NaN,NaN,2451.4667,0,0,0,0,0.125,0.11765,2189.7733,2156.7,2315.0103,2210.3056,2424.6727,2293.0667
4,58.1081,66.6667,53.3333,68,1866.425,2198.8063,2372.8444,2062.2667,NaN,1531.35,2070.525,1802.8,NaN,1896.725,2454.2,2380.45,1987.7,2230.35,NaN,2509.5,3677,1486,2532.4,2311,NaN,NaN,539.175,557.475,-392.75,1167.5,1046.4,1764.375,2070.525,2056.2182,2512.5,2707.85,2104.84,0.027778,0.04,0.08,0.30556,0.42667,0.24,2302.3,2841.0333,3188.6,0,0.066667,0,0.078947,0,0.11765,1782.7571,1983.56,1907.5,2373.59,1997.75,2480.0143
4,88.5135,100,84,80,1222.8155,1663.6014,1815.2545,930.2667,1127.9,1250.36,1466.7667,1352.825,NaN,1362.3157,1917.3386,1926.0667,1543,1578.5,NaN,1671.9,1112.3,NaN,2054.4,NaN,NaN,197.6333,216.4067,555.0229,-383.0667,-559.6,NaN,1075.7636,1369.8673,1675.439,1649.6747,1583.35,1866.7889,0,0.013333,0.12,0,0.14667,0.08,NaN,1210.4,1849.5667,0,0,0.030303,0,0.125,0.11765,1157.44,1362.9057,1536.8132,1797.4333,1916.1571,1638.675
4,89.8649,94.4444,89.3333,80,1151.1248,1514.7193,1357.7318,948.3683,1201.7,1080.06,1476.78,1045.4825,NaN,852.1286,1039.1514,2031.1,1878.45,1378.5029,NaN,1005.6,771.63,1470.4,NaN,NaN,NaN,253.3317,396.72,187.0229,-152.65,-233.97,NaN,1001.045,1287.5609,1244.3395,1798.618,771.63,1416.342,0.027778,0.013333,0.12,0.027778,0.093333,0.08,1121.4,542.9,1090.7333,0.055556,0,0,0.02381,0.25,0.058824,1102.1157,1249.1429,1211.7305,1865.5484,1218.4588,1729.1267
4,72.973,88.8889,70.6667,52,1789.6768,1825.8517,1776.1143,1245.4867,1669.6333,2091.3,2041.55,1571.3667,NaN,2301.06,1464,2493.16,1466.1,1635.5,NaN,1265.7,1190,1899.3,1773.9,2230.5,NaN,424.1467,-49.75,-837.06,-1027.06,-75.7,-125.4,1567.886,2036.1111,2071.7278,1423.5091,1649.65,1826.7,0,0.053333,0.24,0.11111,0.24,0.24,NaN,1987.0725,1373.2817,0,0,0.052632,0.054054,0.27273,0.21429,1853.7889,1731.976,1961.0875,1659.4077,1995.42,1227.85
4,76.3514,69.4444,80,72,2206.4867,2271.3419,2691.3125,1463.075,3346.6,2810.35,2524.2,1457.1,NaN,1849.3,1432.35,2424.2714,2667.3,2695.9,NaN,3030.7,NaN,3078.5,NaN,2595.6,NaN,1883.525,-286.15,-416.95,243.0286,NaN,NaN,2099.5364,2500.6,2188.8435,2374.465,2715.575,2667.05,0.083333,0.053333,0.08,0.22222,0.14667,0.2,1661.7333,2720.575,2047.45,0.05,0.125,0.026316,0.081081,0.18182,0,2132.38,2354.7,2247.0335,2301.7275,2690.98,2691.8667
4,76.3514,66.6667,81.3333,76,2226.2,1425.653,1436.114,1553.025,3117.9,2332.3667,2458,1950.2,NaN,1135.9486,1243.0529,1647.8714,1603.93,1102.8,NaN,1235.1533,1709.25,1961.75,1366.6,1387.8,NaN,1564.875,125.6333,107.1043,-43.9414,474.0967,-595.15,1966.9,2615.15,1443.4467,1411.2812,1266.8333,1478.4342,0.16667,0.14667,0.2,0.16667,0.04,0.04,1546.4483,1470.4782,1766.08,0.058824,0.26316,0.11765,0.17073,0.14286,0.22222,2130.66,2417.28,1444.6327,1355.428,1429.2464,1455
4,62.1622,61.1111,66.6667,48,1277.41,1756.8221,1756.82,1099.7,566.12,1641.85,1190.57,NaN,NaN,1815,1554.7,1599.0029,1812.6,NaN,NaN,NaN,NaN,2551.4,NaN,NaN,NaN,-533.58,-451.28,-260.3,213.5971,NaN,NaN,1370.775,1215.1667,1713.1837,1810.5308,NaN,1756.82,0.083333,0.053333,0.08,0.30556,0.28,0.44,720.45,1082.265,1586.65,0.11765,0.052632,0.029412,0.073171,0.14286,0.055556,1078.5517,1575.6975,1639.7775,1900.8769,2008.65,1588.9333
4,84.4595,83.3333,84,84,1441.9612,1727.7462,2157.0308,1788.9,1171.3,1489.8333,1422.2133,1552.55,NaN,1360.4,1194.145,1298.5575,1954.1,2159.42,NaN,2511.45,3322.05,1886.85,1592.6,1905.7,NaN,-617.6,-67.62,-166.255,655.5425,810.6,-294.25,1533.6222,1338.8425,1484.2437,1984.7767,2122.92,2178.35,0.027778,0.053333,0.04,0.13889,0.10667,0.12,2503.8,2593.11,677.03,0.052632,0,0.066667,0.044444,0.1,0,1356.2267,1538.4125,1445.4222,2191.5643,1897.7429,2459.5333
4,79.0541,86.1111,76,84,1764.1737,1718.7706,1597.4433,2215.1,2232.1333,1676.8667,1286.5,1072.55,NaN,1252.95,1766.7,1488.9,1683.75,2248.6333,NaN,1522.6333,2431.9,1131.3,1276.875,NaN,NaN,17.0333,-390.3667,513.75,194.85,909.2667,145.575,1812.24,1710.7667,1523.1353,1914.4059,1577.1,1607.615,0.055556,0.093333,0.12,0.083333,0.14667,0.04,1693.6,1966.5429,1913.3833,0.10526,0,0,0.15556,0.1,0.13333,1925.6417,1487.3714,1552.585,1956.1786,1768.73,1254.87
4,71.6216,72.2222,70.6667,68,1456.2907,1564.2418,1581.19,1748.55,874.265,984.9467,1487.6333,1931.175,NaN,1330.6243,1590.4,1423.3483,2402.2,1618.0857,NaN,864.75,1860.3333,1167.4,3554.2,1224.7,NaN,-874.285,502.6867,259.7757,978.8517,995.5833,2386.8,1602.9425,1260.755,1469.0933,1678.42,2140.84,1270.2733,0.027778,0.24,0.28,0.25,0.053333,0.04,997.34,1516.0722,1522.4571,0,0.066667,0.24324,0.23684,0.25,0.29412,1266.337,1931.175,1525.7642,1807.9333,1566.8383,1667.3
4,66.2162,69.4444,61.3333,88,2070.4846,2112.63,2157.003,1532.65,NaN,2156.875,1654.8,3111.7,NaN,2920.7,NaN,1512.2,2149.6,2430.2,NaN,NaN,NaN,3690.4,1271.6,NaN,NaN,NaN,-502.075,NaN,637.4,NaN,-2418.8,1844.7625,2431.64,2154.25,2050.2,1271.6,2255.3811,0.055556,0.013333,0,0.25,0.37333,0.12,2143.495,2.0778,NaN,0.11111,0,0.030303,0,0,0,1650.0833,2430.8286,2407.3429,1953.9385,1710.866,2603.14
4,85.1351,88.8889,86.6667,80,1831.3721,1635.1764,1675.5067,1615.3,1492.6,1355.3,2193.5,2169.8333,NaN,1537.25,1457.825,1912.0814,1859.22,1330.1367,NaN,1454.3,1570.9,2345.5,2684.1,1566.5867,NaN,-122.7,838.2,-79.425,-52.8614,116.6,338.6,1802.3427,1871.2875,1601.2158,1680.4572,1450.105,1788.2075,0,0.066667,0.16,0.11111,0.066667,0.04,NaN,1745.722,1388.725,0,0,0.052632,0.081081,0.27273,0.071429,1572.5667,2064.297,1625.6832,1661.93,1628.1829,1741.76
4,86.4865,75,94.6667,88,1711.4608,1473.0592,1688.05,2202.8725,1697.9,1069.7,1680.8,1714.3333,NaN,981.0471,1735.8883,1385.43,1398.994,1449.9467,NaN,1154.4533,885.82,1902.45,2520,NaN,NaN,-504.9725,611.1,754.8412,13.564,-268.6333,617.55,1766.4271,1647.3333,1360.3023,1568.4688,2284.225,1449.58,0.027778,0.026667,0.04,0.22222,0.026667,0.08,2.5915,1653.715,2976.2,0,0.052632,0,0.04878,0,0.055556,1788.2129,1621.9167,1414.4016,1580.0229,1824.6455,1187.2
4,89.8649,91.6667,84,100,1534.7924,1493.6635,1323.6956,1549.4,1633.68,1218.495,1630.8333,1586.9,NaN,1159.794,1256.6114,1537.275,1215.2767,1636.932,NaN,1429.5,972.685,1831.25,1375.8,1821,NaN,84.28,412.3383,96.8174,-321.9983,-456.815,-455.45,1429.254,1630.7364,1469.3094,1513.5895,1177.935,1411.152,0.055556,0.093333,0,0.027778,0.066667,0,1663.0239,740.6579,NaN,0.052632,0.058824,0.033333,0.13333,0,0,1508.636,1600.1833,1457.1117,1548.4912,1261.6062,1592.75
4,94.5946,100,93.3333,88,1478.7457,1274.3695,1609.358,1623.4,1250.4,1711.85,1591.4,1582.925,NaN,1072.5025,1116.3357,1439.0329,1386.9833,1235.6,NaN,1274.4667,1345.7,NaN,2079,1931.45,NaN,-373,-120.45,43.8332,-52.0495,71.2333,NaN,1552.7067,1423.275,1289.7329,1260.3422,1498.44,1664.817,0,0.013333,0.08,0,0.053333,0.04,NaN,1386.8,1662.25,0,0,0.034483,0,0.1,0.066667,1491.3929,1453.4514,1246.9618,1356.5927,1700.025,1505.7386
